,,,,,
Username,Password,Name,Age,Email,Gender
Shreya Kadam,2306SK25,Shreya Kadam,20,shreya06@gmail.com,Female
David Palmer,3336DP25,David Palmer,19,sean43@gmailmail.com,Male
Andrew Roach,8774AR25,Andrew Roach,23,vbecker@gmail.com,Male
Jonathan Gonzalez,1396JG25,Jonathan Gonzalez,22,hollydavis@gmail.com,Male
Kenneth Morrow,6716KM25,Kenneth Morrow,24,ganderson@wheeler-atkins.info,Male
Kaitlyn Martinez,8830KM25,Kaitlyn Martinez,18,hayesdiane@gmail.com,Female
Tiffany Wolf,5305TW25,Tiffany Wolf,23,qanderson@taylor.com,Female
James Reyes,5048JR25,James Reyes,20,drodriguez@nguyen-cooper.info,Male
Samantha Sellers,5986SS25,Samantha Sellers,20,michelle27@hubbard-webster.com,Female
Michael Kim,8721K25,Michael Kim,25,jacksonhannah@miles.com,Male
Emily Davis,6622ED25,Emily Davis,18,george02@hotmail.com,Female
Adam Evans,3254AE25,Adam Evans,20,bryantmargaret@hernandez.com,Male
Alejandra Galloway,8021AG25,Alejandra Galloway,20,danielpowers@schmidt.com,Female
Cindy Johnston,9477CJ25,Cindy Johnston,22,james96@webb.org,Female
Taylor Krueger II,9144TK25,Taylor Krueger II,20,hleon@smith.net,Male
Kimberly Vang,4854KV25,Kimberly Vang,23,carolyn34@yahoo.com,Female
Alex Allen,3690AA25,Alex Allen,24,shawkaren@smith.net,Male
Dawn Caldwell,4462DC5,Dawn Caldwell,24,kelly96@gmail.com,Female
Connie Cline,3255CC25,Connie Cline,22,patelmercedes@green.com,Female
Christine Smith,5446CS25,Christine Smith,21,nicholasmejia@hotmail.com,Female
Dana Burke,8125DB25,Dana Burke,23,davismichael@yahoo.com,Female
Suzanne Lopez,3052SL25,Suzanne Lopez,18,thomasbennett@gmail.com,Female
Meagan Thompson,2602MT25,Meagan Thompson,23,robert13@gmail.com,Female
Erica Welch,1866EW25,Erica Welch,25,hernandezbrent@delgado-terry.com,Female
Debra Reilly,4908DR25,Debra Reilly,21,amy78@jackson.com,Female
Rachel Hill,6711RH25,Rachel Hill,22,elizabeth41@hill-johnson.com,Female
Lauren Hill,1165LH25,Lauren Hill,22,timothy00@lopez.com,Female
Andrea Castro,7657AC25,Andrea Castro,19,valvarez@hotmail.com,Female
Sarah Cruz,4776SC25,Sarah Cruz,24,melissa92@hicks.com,Female
Teresa Patrick ,5711T25,Teresa Patrick ,25,hbrooks@nelson-bennett.info,Female
Brittany Thompson,8511BT25,Brittany Thompson,19,chavezallison@yahoo.com,Female
Sean Wells,4009SW25,Sean Wells,21,barreracourtney@nguyen.com,Male
Robert Simmons,7998RS25,Robert Simmons,24,daniel00@gmail.com,Male
William Holt,5676WH25,William Holt,22,warrensmith@yahoo.com,Male
Brandon Garcia,8134BG25,Brandon Garcia,19,brandon58@cummings-johnson.biz,Male
Alexander Jones,5119AJ25,Alexander Jones,25,emily28@hotmail.com,Male
William Anderson,7304WA25,William Anderson,25,jacob29@gmail.com,Male
Shawna Glover,3663SG25,Shawna Glover,19,alison62@barrett.com,Female
Susan Galvan,6423SG25,Susan Galvan,22,theresa04@gmail.com,Female
Jason King,5155JK25,Jason King,24,oliviawalls@hotmail.com,Male
Alexander Simmons,1066AS25,Alexander Simmons,19,jrodriguez@cox.info,Male
James Moore,5773JM25,James Moore,24,daniel72@long.com,Male
Frank Garza,8417FG25,Frank Garza,19,jennifer82@cruz.com,Male
Cynthia Parker DVM,4235CP25,Cynthia Parker DVM,22,jasminelewis@washington.com,Female
Robert Smith,7002RS25,Robert Smith,18,amanda74@gmail.com,Male
Marie Valdez,5998MV25,Marie Valdez,18,xwarner@nelson.com,Female
Patty Duke,9661PD25,Patty Duke,18,sparksanna@gmail.com,Female
Teresa Lucas,5144TL25,Teresa Lucas,20,epatel@edwards-smith.info,Female
Melanie Lowe,3719ML25,Melanie Lowe,25,nicolepruitt@bell-gibson.org,Female
Isaiah Morales,9310IM25,Isaiah Morales,25,lutzjason@neal.biz,Male
Connor Fry,9271CF25,Connor Fry,19,masseytom@gmail.com,Male
Autumn Nguyen,4603AN25,Autumn Nguyen,22,john53@hotmail.com,Female
Jasmin Pena,5001JP25,Jasmin Pena,23,ajackson@hotmail.com,Female
Carol Williams MD,5618CW25, Carol Williams MD,22,janice01@yahoo.com,Female
Andrew Lutz,3205AL25,Andrew Lutz,20,patrick16@yahoo.com,Male
Julie Martin,8431JM25,Julie Martin,25,angelawilliams@gmail.com,Female
Lisa Brown,4604LB25,Lisa Brown,19,annette64@gmail.com,Female
Holly King,7287HK25,Holly King,23,williamsjack@randolph.com,Female
Ricky Sanders,3481RS25,Ricky Sanders,19,buckleyandrew@gmail.com,Male
Gary Taylor,3068GT25,Gary Taylor,21,veronicarogers@yahoo.com,Male
Arthur Thornton,4514AT25,Arthur Thornton,25,kirstenowen@yahoo.com,Male
Eric Leonard,2499EL25,Eric Leonard,23,theresarosales@gmail.com,Male
William Smith,5212WS25,William Smith,23,daniel93@lee-morris.com,Male
Daniel Daniel,5550DD25,Daniel Daniel,22,christianbrown@yahoo.com,Male
Joel Nicholson,8265JN25,Joel Nicholson,24,michaelpratt@murray.net,Male
Benjamin Burke,6398BB25,Benjamin Burke,18,colemary@cochran.net,Male
Brandi Roberts,2706BR25,Brandi Roberts,24,joshua76@yahoo.com,Female
Patrick Anderson,9410PA25,Patrick Anderson,19,meganlewis@butler-bright.com,Male
Jerry Butler,5851JB25,Jerry Butler,19,sherri94@hines.net,Male
Cynthia Garrett,9842CG25,Cynthia Garrett,19,rhall@gmail.com,Female
Carrie Hall,6069CH25,Carrie Hall,20,stewartlori@yahoo.com,Female
Paul Brown,7081PB25,Paul Brown,22,uyoder@miller.com,Male
William Villarreal,9812WV25,William Villarreal,20,petersoncheryl@davis-bush.com,Male
Randy Pittman,1790RP25,Randy Pittman,19,robin33@knapp.com,Male
Alexandra Roth,8268AR25,Alexandra Roth,20,kristin46@hotmail.com,Female
Stephanie Mitchell,1383SM25,Stephanie Mitchell,18,michellemoody@williams.com,Female
Michelle Kemp,4197MK25,Michelle Kemp,23,susanwilliams@hotmail.com,Female
Corey Hicks,4517CH25,Corey Hicks,25,fosterglen@gmail.com,Male
Melinda Hancock,6733MH25,Melinda Hancock,25,linda93@gmail.com,Female
Julian Smith,5406JS25,Julian Smith,22,joseph78@gmail.com,Male
Brooke Davis,5652BD25,Brooke Davis,19,millerkevin@white.com,Female
Diane Williams,4846DW25,Diane Williams,20,zmclean@boyd.net,Female
Stephanie Beck,9806SB25,Stephanie Beck,18,rwinters@hotmail.com,Female
Joe Kim,8526JK25,Joe Kim,23,salinaschristine@gmail.com,Male
Tammy Byrd,3257TB25,Tammy Byrd,22,phillipsmith@gmail.com,Female
Scott Gomez,1214SG25,Scott Gomez,24,jacksonjulie@estrada.org,Male
Sean Davis,2921SD25,Sean Davis,24,tina80@miller-navarro.com,Male
Luis Hunter,1853LH25,Luis Hunter,19,uschultz@palmer-lambert.biz,Male
Rachel Mahoney MD,4418RM25,Rachel Mahoney MD,25,teresamitchell@hernandez.net,Female
Christina Woodward,6729CW25,Christina Woodward,18,juan08@yahoo.com,Female
Shawna Moore,4509SM25,Shawna Moore,21,joseyoung@richardson.net,Female
Stacy Jones,8646SJ25,Stacy Jones,18,currymelissa@coleman-meza.info,Female
Susan Suarez,4675SS25,Susan Suarez,25,amanda13@smith.org,Female
Donna Briggs,9291DB25,Donna Briggs,23,avalenzuela@norris-wood.org,Female
Tiffany Russell,8808TR25,Tiffany Russell,20,kimberly95@gmail.com,Female
Shawn Phillips,5441SP25,Shawn Phillips,25,mbass@hotmail.com,Male
Peter Wilson,6001PW25,Peter Wilson,22,qcantu@woods.info,Male
Joe Bernard,5630JB25,Joe Bernard,21,kimberly88@herring.info,Male
Brittany Hamilton,4311BH25,Brittany Hamilton,21,smithkaren@yahoo.com,Female
Maria Rogers,6577MR25,Maria Rogers,20,reneemartinez@hotmail.com,Female
Rebecca Miller,6809RM25,Rebecca Miller,23,michaelconner@hotmail.com,Female
Bryan Velazquez,2318BV25,Bryan Velazquez,25,bpowell@gmail.com,Male
William Montgomery,4948WM25,William Montgomery,22,chavezryan@smith.com,Male
Robert Berg,7574RB25,Robert Berg,24,stephensbrenda@perez.com,Male
Peter White,8155PW25,Peter White,23,goodwinrachel@burke.org,Male
Ashley Garcia,5776AG25,Ashley Garcia,20,daviscory@yahoo.com,Female
Brandon Smith,1857BS25,Brandon Smith,25,ortizjoseph@moore.com,Male
Kristen Orozco,1742KO25,Kristen Orozco,20,vbonilla@ho.com,Female
Joanna Logan,4406JL25,Joanna Logan,21,yflores@brooks.info,Female
Mark Harper,2800MH25,Mark Harper,19,mikayla15@chavez.com,Male
Jaime Hanson,1666JH25,Jaime Hanson,20,whitechristine@gonzalez.info,Female
Johnathan Morris,1328JM25,Johnathan Morris,21,cassiemcdonald@gmail.com,Male
Jeffrey Sosa,7728JS25,Jeffrey Sosa,24,nhardin@thomas.com,Male
Mitchell Sharp,6489MS25,Mitchell Sharp,24,blackbrandi@gmail.com,Male
Jose Peters,9047JP25,Jose Peters,23,zrowe@morales.net,Male
Jeffrey Torres,5788JT25,Jeffrey Torres,18,yvonnemiller@robinson.com,Male
Noah Lee,8426NL25,Noah Lee,25,olucas@cline-robinson.com,Male
Jeremy Graham,8366JG25,Jeremy Graham,20,dcontreras@hotmail.com,Male
Mary Harrison,2963MH25,Mary Harrison,21,tylerbaldwin@yahoo.com,Female
Meghan Roy,3669MR25,Meghan Roy,23,ystevens@yahoo.com,Female
Kevin Moore,4925KM25,Kevin Moore,20,michaelarroyo@guerrero.com,Male
Pedro Roth,6915PR25,Pedro Roth,23,knightkelly@miller-wong.org,Male
Holly Donaldson,4538HD5,Holly Donaldson,23,katherine18@hammond.info,Female
Patricia Boyer,1663PB25,Patricia Boyer,18,fcabrera@haynes-clark.com,Female
Alexander Mccarty,1708AM25,Alexander Mccarty,22,sandra21@burnett-gutierrez.com,Male
Michael Baldwin DDS,9707MB25,Michael Baldwin DDS,25,joshuagibbs@ross.biz,Male
Anna Harper,4188AH25,Anna Harper,23,marcpatel@gmail.com,Female
Steve Green,5902SG25,Steve Green,24,gabrielbrown@hotmail.com,Male
Edwin Boyd,7107EB25,Edwin Boyd,18,aaron93@yahoo.com,Male
Emily Chambers,8040EC25,Emily Chambers,20,bridgessavannah@yahoo.com,Female
Hunter Martinez,4140HM25,Hunter Martinez,21,sandy22@rollins.com,Male
Victor Moss,3797VM25,Victor Moss,21,morgan52@taylor.com,Male
Kelly Lucas,7752KL25,Kelly Lucas,18,schwartztina@yahoo.com,Female
Reginald Richardson,8473RR25,Reginald Richardson,21,bakerjeremy@young-jones.info,Male
Patrick Sanchez,1613PS25,Patrick Sanchez,22,smithamanda@johnson.org,Male
Michelle Chen DDS,8298MC25,Michelle Chen DDS,24,rebeccapreston@young.info,Female
Richard Sherman,6502RS25,Richard Sherman,22,alexandra82@yahoo.com,Male
Robert Williams,7506RW25,Robert Williams,18,salvarado@yahoo.com,Male
Samuel Alexander,4633SA25,Samuel Alexander,24,iherring@solis.com,Male
Anthony Graham,9239AG25,Anthony Graham,21,anamartin@hotmail.com,Male
Lynn Hoffman,9872LH25,Lynn Hoffman,25,jonathangarner@yahoo.com,Male
April Howard,6585AH25,April Howard,21,brusso@hotmail.com,Female
Tyler Rodriguez,1594TR25,Tyler Rodriguez,23,cruzjohn@hotmail.com,Male
Kevin Bowman,7265KB25,Kevin Bowman,25,brownronald@clay.com,Male
Christopher Henry,9985CH25,Christopher Henry,19,steelejohn@nguyen.com,Male
Joshua Richardson,9204JR25,Joshua Richardson,22,stephenanderson@gmail.com,Male
Amy Washington,1959AW25,Amy Washington,21,stephen13@miller.com,Female
Amanda Cook,4036AC25,Amanda Cook,18,hannahdillon@giles.com,Female
Scott Montes,3694SM25,Scott Montes,24,vanessameyers@hotmail.com,Male
Sean Thomas,7829AT25,Sean Thomas,21,april31@gmail.com,Male
Amanda Roberts,8694AR25,Amanda Roberts,19,michael36@yahoo.com,Female
Joanna Rose,9382JR25,Joanna Rose,22,timothyfuentes@gmail.com,Female
Willie Russell,1113WR25,Willie Russell,18,susan10@yahoo.com,Male
Peter Day,7637PD25,Peter Day,19,smaynard@cole.com,Male
Matthew Sherman,6344MS25,Matthew Sherman,21,woodmonica@gmail.com,Male
Stephanie Moore DDS,5468SM25,Stephanie Moore DDS,19,cynthia58@yahoo.com,Female
Brandon Fletcher,2698BF25,Brandon Fletcher,18,juliepeterson@pearson-shepherd.net,Male
Ryan Thomas,7871RT25,Ryan Thomas,20,whitakerjoseph@yahoo.com,Male
Amber Luna DVM,8556AL25, Amber Luna DVM,19,zgray@salazar.net,Female
Crystal Fry,5031CF25,Crystal Fry,20,xstewart@huff.org,Female
William Le,2575WL25,William Le,20,morr@gmail.com,Male
Antonio Carter,2322AC25,Antonio Carter,20,jameslisa@morrison.com,Male
Beth Abbott,9056BA25,Beth Abbott,24,jhill@bell.com,Female
Christine Howard,6326CH25,Christine Howard,21,brianna99@hotmail.com,Female
Chelsea Arellano,8790CA25,Chelsea Arellano,23,gregory11@russell-morris.com,Female
Stacy Rodriguez,3873SR25,Stacy Rodriguez,22,tranjulia@romero.biz,Female
Shannon Green,3176SG25,Shannon Green,22,ogordon@guerrero-holt.com,Female
Donna Reed,9203DR25,Donna Reed,19,dennisconner@sellers.com,Female
Michelle Wang,9676MW25,Michelle Wang,24,mikecollins@gmail.com,Female
Thomas Barker,2142TB25,Thomas Barker,25,mmelendez@lewis.com,Male
Kimberly Cline,4138KC25,Kimberly Cline,23,davismatthew@gmail.com,Female
Clinton Weber,8314CW25,Clinton Weber,25,bhiggins@jenkins-stevenson.com,Male
Lindsay Murphy,9826LM25,Lindsay Murphy,19,tammyjones@clayton.info,Female
Mallory May,5149MM25,Mallory May,25,morrisonlucas@gmail.com,Female
Larry Torres,9098LT25,Larry Torres,25,rachel70@hotmail.com,Male
Tina Mccormick,2991TM25,Tina Mccormick,25,zthompson@lee.com,Female
Brian Sampson,6780BS25,Brian Sampson,22,jamesgeorge@yahoo.com,Male
Christine Park,1363CP25,Christine Park,19,goodwinerica@brown.com,Female
Vicki Lewis,6589VL25,Vicki Lewis,22,bperry@hotmail.com,Female
Matthew Black,9377MB25,Matthew Black,24,lewisbetty@hotmail.com,Male
Felicia Lee,2982FL25,Felicia Lee,18,torresjacqueline@chambers-woodard.net,Female
James Black,7186JB25,James Black,22,sgarza@nunez.net,Male
James Mitchell,4265JM25,James Mitchell,21,gracejohnson@yahoo.com,Male
Alexander Mcconnell,9696M25,Alexander Mcconnell,24,corysmith@anderson-anderson.com,Male
Danielle Clark,8291DC25,Danielle Clark,24,crystal02@schmidt.com,Female
Robert Foster,5094RF25,Robert Foster,24,teresamoreno@rubio-sanchez.com,Male
Gary Clark,7933GC25,Gary Clark,23,alyssawagner@gmail.com,Male
Cynthia Martin,2962CM25,Cynthia Martin,24,caitlynmoody@adams.com,Female
Brianna Cunningham,7780BC25,Brianna Cunningham,21,alexanderfernando@gmail.com,Female
Jesus Johnson,8082JJ25,Jesus Johnson,21,xharris@hotmail.com,Male
Jessica Jarvis,7240JJ25,Jessica Jarvis,22,nhurst@hester.info,Female
Theresa Hensley,3033TH25,Theresa Hensley,21,evance@moore.org,Female
James Mckee,2538JM25,James Mckee,23,andersonmichelle@yahoo.com,Male
Jonathan Blanchard,3406JB25,Jonathan Blanchard,25,jonathanfoster@sanchez.com,Male
Melissa Estrada,5615ME25,Melissa Estrada,18,bowmanmatthew@martin-duran.org,Female
John Gallagher,3994JG25,John Gallagher,23,elliottsheryl@wilcox.net,Male
Catherine Velasquez,3274CV25,Catherine Velasquez,22,fsutton@gmail.com,Female
Joyce Thomas,3609JT25,Joyce Thomas,19,zanderson@barrera.net,Female
Theresa Hughes,9179TH25,Theresa Hughes,21,mstanley@yahoo.com,Female
Steven Golden,4463SG25,Steven Golden,19,nvasquez@yahoo.com,Male